LJ001-0001|让大家去增补|让大家去增补
LJ001-0002|工寮的人都去划龙舟了|工寮的人都去划龙舟了
LJ001-0003|是我们达成目标最重要的关键|是我们达成目标最重要的关键
LJ001-0004|电死大象这件事情|电死大象这件事情
LJ001-0005|四千个无版权句子|四千个无版权句子
LJ001-0006|如果大家说的话|如果大家说的话
LJ001-0007|鬼打墙|鬼打墙
LJ001-0008|危险的第三世界国家|危险的第三世界国家
LJ001-0009|这个议题后来有下文吗？|这个议题后来有下文吗？
LJ001-0010|李大哥一路好走|李大哥一路好走
LJ001-0011|会让人非常生气|会让人非常生气
LJ001-0012|实现世代正义|实现世代正义
LJ001-0013|或相关的图片|或相关的图片
LJ001-0014|更让我认清|更让我认清
LJ001-0015|记者抄错数字和单位|记者抄错数字和单位
LJ001-0016|有想法|有想法
LJ001-0017|邪教检查表|邪教检查表
LJ001-0018|投票通知单|投票通知单
LJ001-0019|并立即进行试验|并立即进行试验
LJ001-0020|四海游龙，八方云集|四海游龙，八方云集
LJ001-0021|最近好像有一个活动|最近好像有一个活动
LJ001-0022|中山区大佳里|中山区大佳里
LJ001-0023|新的身份证|新的身份证
LJ001-0024|在台湾的标准|在台湾的标准
LJ001-0025|千金难买早知道，我要回家去睡觉|千金难买早知道，我要回家去睡觉
LJ001-0026|让一首歌失去著作权|让一首歌失去著作权
LJ001-0027|这个岛上先来后到的顺序|这个岛上先来后到的顺序
LJ001-0028|来弹奏佛朗明哥吉他|来弹奏佛朗明哥吉他
LJ001-0029|人比人气死人，蛋饼比蛋饼起司蛋饼|人比人气死人，蛋饼比蛋饼起司蛋饼
LJ001-0030|而这些机关中|而这些机关中
LJ001-0031|应该是模型没错啦|应该是模型没错啦
LJ001-0032|但是只是远远绕了半圈|但是只是远远绕了半圈
LJ001-0033|开始使用载具的诱因|开始使用载具的诱因
LJ001-0034|真的是没法防止|真的是没法防止
LJ001-0035|要怎么感受世界呢？|要怎幺感受世界呢？
LJ001-0036|猫真的可以伸很长|猫真的可以伸很长
LJ001-0037|深沟钓鱼大赛|深沟钓鱼大赛
LJ001-0038|一家搬往台北芦洲|一家搬往台北芦洲
LJ001-0039|我们也感同身受|我们也感同身受
LJ001-0040|把作生意用的准备金赔光了|把作生意用的准备金赔光了
LJ001-0041|会积极催生开发案|会积极催生开发案
LJ001-0042|台北数位产业园区于六月底正式营运|台北数位产业园区于六月底正式营运
LJ001-0043|市府是一直都有在做|市府是一直都有在做
LJ001-0044|奶奶的离去|奶奶的离去
LJ001-0045|某个手势代表覆议|某个手势代表覆议
LJ001-0046|桃园市中正路|桃园市中正路
LJ001-0047|高铁联外公路台南段|高铁联外公路台南段
LJ001-0048|瑞平公路|瑞平公路
LJ001-0049|中兴大桥|中兴大桥
LJ001-0050|北屯交流道|北屯交流道
LJ001-0051|樟原桥|樟原桥
LJ001-0052|文横三路|文横三路
LJ001-0053|现为停车场|现为停车场
LJ001-0054|淡水河出海口的兴建中桥梁|淡水河出海口的兴建中桥梁
LJ001-0055|高原交流道|高原交流道
LJ001-0056|绝对不会有这种类型的人|绝对不会有这种类型的人
LJ001-0057|北港溪糯米桥|北港溪糯米桥
LJ001-0058|花莲县玉里镇玉泉寺|花莲县玉里镇玉泉寺
LJ001-0059|林园区沿海路|林园区沿海路
LJ001-0060|忠孝桥|忠孝桥
LJ001-0061|西螺大桥|西螺大桥
LJ001-0062|误人子弟|误人子弟
LJ001-0063|台北市长安西路|台北市长安西路
LJ001-0064|重点区域与具体项目|重点区域与具体项目
LJ001-0065|可以压低到五万以内|可以压低到五万以内
LJ001-0066|台湾的环岛脚踏车路线|台湾的环岛脚踏车路线
LJ001-0067|东部一条南北向的省道|东部一条南北向的省道
LJ001-0068|台二十七线|台二十七线
LJ001-0069|小港机场快线|小港机场快线
LJ001-0070|淡金公路|淡金公路
LJ001-0071|可以来这里洗版|可以来这里洗版
LJ001-0072|衔接菲律宾海与南海|衔接菲律宾海与南海
LJ001-0073|月眉交流道|月眉交流道
LJ001-0074|台北捷运信义线|台北捷运信义线
LJ001-0075|南投县云龙桥|南投县云龙桥
LJ001-0076|德芳路|德芳路
LJ001-0077|延溪公路|延溪公路
LJ001-0078|真的好可爱喔|真的好可爱喔
LJ001-0079|当你睡觉的时候|当你睡觉的时候
LJ001-0080|我认为才是一个进步的城市|我认为才是一个进步的城市
LJ001-0081|北山交流道|北山交流道
LJ001-0082|东石嘉义快速公路|东石嘉义快速公路
LJ001-0083|麟洛交流道|麟洛交流道
LJ001-0084|员林陆桥|员林陆桥
LJ001-0085|台北交流道|台北交流道
LJ001-0086|中港路|中港路
LJ001-0087|美浓旧桥|美浓旧桥
LJ001-0088|员林大排两侧高架道路|员林大排两侧高架道路
LJ001-0089|省道快速公路|省道快速公路
LJ001-0090|日月潭缆车|日月潭缆车
LJ001-0091|因为没有治疗方法|因为没有治疗方法
LJ001-0092|沙仑线兴建计划|沙仑线兴建计划
LJ001-0093|新屋一交流道|新屋一交流道
LJ001-0094|内湖交流道|内湖交流道
LJ001-0095|民雄交流道|民雄交流道
LJ001-0096|在太平洋跟日本作战|在太平洋跟日本作战
LJ001-0097|中投快速公路|中投快速公路
LJ001-0098|滨江街交流道|滨江街交流道
LJ001-0099|高雄市公车凤青干线|高雄市公车凤青干线
LJ001-0100|有一天离开的时候|有一天离开的时候
LJ001-0101|所以他们今天到底有没有约|所以他们今天到底有没有约
LJ001-0102|还没传完吗？|还没传完吗？
LJ001-0103|不在此限|不在此限
LJ001-0104|商业登记|商业登记
LJ001-0105|谢谢大家关心|谢谢大家关心
LJ001-0106|黑胡椒或蘑菇酱|黑胡椒或蘑菇酱
LJ001-0107|他们今天好像有约|他们今天好像有约
LJ001-0108|我明天下午有课|我明天下午有课
LJ001-0109|我们搭上公车要回台北了|我们搭上公车要回台北了
LJ001-0110|希望全力配合|希望全力配合
LJ001-0111|本于权力相互尊重之原则|本于权力相互尊重之原则
LJ001-0112|办理收视率及满意度调查|办理收视率及满意度调查
LJ001-0113|处分书视同送达|处分书视同送达
LJ001-0114|政府是没有介入的权利|政府是没有介入的权利
LJ001-0115|大家早安|大家早安
LJ001-0116|创造了一个很好的成绩|创造了一个很好的成绩
LJ001-0117|本案会议纪录将于会后上网公告|本案会议纪录将于会后上网公告
LJ001-0118|土城区顶福里|土城区顶福里
LJ001-0119|针对舆论建议调整方向|针对舆论建议调整方向
LJ001-0120|排在第二顺位先来解决|排在第二顺位先来解决
LJ001-0121|对形象恐怕有损|对形象恐怕有损
LJ001-0122|人数分配上各一半|人数分配上各一半
LJ001-0123|于一定时间之内完成|于一定时间之内完成
LJ001-0124|主席副主席|主席副主席
LJ001-0125|今天晚上晚点回去|今天晚上晚点回去
LJ001-0126|永远不变|永远不变
LJ001-0127|让新北子弟在地就学|让新北子弟在地就学
LJ001-0128|不过我觉得，整个筹备工作|不过我觉得，整个筹备工作
LJ001-0129|我不敢跨过|我不敢跨过
LJ001-0130|初次申请工作证明|初次申请工作证明
LJ001-0131|东华书局股份有限公司|东华书局股份有限公司
LJ001-0132|宣告了水运时代的结束|宣告了水运时代的结束
LJ001-0133|禁不起正面冲突|禁不起正面冲突
LJ001-0134|都经过惨烈的战争|都经过惨烈的战争
LJ001-0135|星球的亮度不一样|星球的亮度不一样
LJ001-0136|如果有黑客松|如果有黑客松
LJ001-0137|伟大目标|伟大目标
LJ001-0138|试问这种决策的主要着眼点为何？|试问这种决策的主要着眼点为何？
LJ001-0139|光合作用速率愈快|光合作用速率愈快
LJ001-0140|国家采行马列社会主义体制|国家采行马列社会主义体制
LJ001-0141|有没有人可以跟我解释一下|有没有人可以跟我解释一下
LJ001-0142|行医记录器|行医记录器
LJ001-0143|安全性如何|安全性如何
LJ001-0144|生物种类多|生物种类多
LJ001-0145|秘密结社的魔术|秘密结社的魔术
LJ001-0146|中间有各种类型的自助餐|中间有各种类型的自助餐
LJ001-0147|自强不息|自强不息
LJ001-0148|再套一层塑胶袋|再套一层塑胶袋
LJ001-0149|一起来对全世界说悄悄话|一起来对全世界说悄悄话
LJ001-0150|受到战争破坏|受到战争破坏
LJ001-0151|东北地区有意振作|东北地区有意振作
LJ001-0152|是认真的|是认真的
LJ001-0153|本草纲目|本草纲目
LJ001-0154|养鸡的概念|养鸡的概念
LJ001-0155|一种尴尬的感觉|一种尴尬的感觉
LJ001-0156|各自独立|各自独立
LJ001-0157|若所受的合力为零必静止|若所受的合力为零必静止
LJ001-0158|营业税是营业人|营业税是营业人
LJ001-0159|海运便利|海运便利
LJ001-0160|洗澡超过一小时|洗澡超过一小时
LJ001-0161|两岸两会会谈的历史事实|两岸两会会谈的历史事实
LJ001-0162|竟然囤积了将近百箱|竟然囤积了将近百箱
LJ001-0163|喝完至少要胖五公斤吧|喝完至少要胖五公斤吧
LJ001-0164|不易再使用|不易再使用
LJ001-0165|所以其子孙多能名扬于时|所以其子孙多能名扬于时
LJ001-0166|常常让我的心|常常让我的心
LJ001-0167|客户真实手机号码|客户真实手机号码
LJ001-0168|当肌肉收缩后|当肌肉收缩后
LJ001-0169|王朝转变并无战争|王朝转变并无战争
LJ001-0170|房地产价格依然偏高|房地产价格依然偏高
LJ001-0171|民主也会前进|民主也会前进
LJ001-0172|均权制度|均权制度
LJ001-0173|这是历史事实|这是历史事实
LJ001-0174|均为凸透镜|均为凸透镜
LJ001-0175|各家支付|各家支付
LJ001-0176|不称霸|不称霸
LJ001-0177|听广播三倍速太吃力|听广播三倍速太吃力
LJ001-0178|能量在使用中相互转换|能量在使用中相互转换
LJ001-0179|台湾某区域|台湾某区域
LJ001-0180|其他可以不要管|其他可以不要管
LJ001-0181|我们注意到|我们注意到
LJ001-0182|步骤的主要目的为何？|步骤的主要目的为何？
LJ001-0183|只好去台南了|只好去台南了
LJ001-0184|反映某些道教的人生观|反映某些道教的人生观
LJ001-0185|肯定生态复育的成果|肯定生态复育的成果
LJ001-0186|分秒不空过|分秒不空过
LJ001-0187|从历史文本回顾|从历史文本回顾
LJ001-0188|盐月桃甫来台|盐月桃甫来台
LJ001-0189|一开始以为来了|一开始以为来了
LJ001-0190|她还是拒绝了|她还是拒绝了
LJ001-0191|于上班时间亲洽办公室|于上班时间亲洽办公室
LJ001-0192|都有这种长期计划|都有这种长期计划
LJ001-0193|病情每下愈况|病情每下愈况
LJ001-0194|想找到休息的地点|想找到休息的地点
LJ001-0195|那个粗重的工作|那个粗重的工作
LJ001-0196|她在烧完饭后回到房间|她在烧完饭后回到房间
LJ001-0197|是极度庞大的数字|是极度庞大的数字
LJ001-0198|小孩逗弄着火鸡|小孩逗弄着火鸡
LJ001-0199|更晚可能会有更大的雨势|更晚可能会有更大的雨势
LJ001-0200|官方及非官方|官方及非官方
LJ001-0201|新庄地区|新庄地区
LJ001-0202|相对严峻|相对严峻
LJ001-0203|契约终止三个月后|契约终止三个月后
LJ001-0204|基本上这是一个体制外的会议|基本上这是一个体制外的会议
LJ001-0205|明天放学后有要练习吗？|明天放学后有要练习吗？
LJ001-0206|供都市计划委员会参考|供都市计划委员会参考
LJ001-0207|我在台东的民宿了|我在台东的民宿了
LJ001-0208|让与会人员背书或举手|让与会人员背书或举手
LJ001-0209|适婚而无配偶者|适婚而无配偶者
LJ001-0210|基本上我不赞成范老师的意见|基本上我不赞成范老师的意见
LJ001-0211|感恩！|感恩！
LJ001-0212|以后假如进入大宇宙时代|以后假如进入大宇宙时代
LJ001-0213|中英混杂|中英混杂
LJ001-0214|靠北电子发票|靠北电子发票
LJ001-0215|是好男人|是好男人
LJ001-0216|我贴出来|我贴出来
LJ001-0217|窗口开票这种事情|窗口开票这种事情
LJ001-0218|中央人民政府和西藏地方政府|中央人民政府和西藏地方政府
LJ001-0219|释出的原始码|释出的原始码
LJ001-0220|我们的经济缺乏动能|我们的经济缺乏动能
LJ001-0221|周六应该已经过去|周六应该已经过去
LJ001-0222|划船去冲绳|划船去冲绳
LJ001-0223|把手机条码直接印出|把手机条码直接印出
LJ001-0224|没在上面耶|没在上面耶
LJ001-0225|台湾的外送垃圾|台湾的外送垃圾
LJ001-0226|注册手机条码|注册手机条码
LJ001-0227|不要忘记对环境的责任|不要忘记对环境的责任
LJ001-0228|千万不要忘记阶级斗争|千万不要忘记阶级斗争
LJ001-0229|看来是提升难度的时候了|看来是提升难度的时候了
LJ001-0230|此二的共同缺点是什么？|此二的共同缺点是什幺？
LJ001-0231|台北捷运芦洲支线|台北捷运芦洲支线
LJ001-0232|日月潭环湖公路的东段|日月潭环湖公路的东段
LJ001-0233|野生动物重要栖息环境|野生动物重要栖息环境
LJ001-0234|电话亭刚刚断线了|电话亭刚刚断线了
LJ001-0235|想起了情报管制的手法|想起了情报管制的手法
LJ001-0236|东势交流道|东势交流道
LJ001-0237|正常人的社会组织|正常人的社会组织
LJ001-0238|公民科技相关的活动|公民科技相关的活动
LJ001-0239|南部通往东部的古道之一|南部通往东部的古道之一
LJ001-0240|竹东端|竹东端
LJ001-0241|五股土城快速公路|五股土城快速公路
LJ001-0242|真的不容易到|真的不容易到
LJ001-0243|刚刚推特滑到|刚刚推特滑到
LJ001-0244|快官交流道|快官交流道
LJ001-0245|我想要滑雪|我想要滑雪
LJ001-0246|到晚上六点最后一班|到晚上六点最后一班
LJ001-0247|他们的生意很顺利|他们的生意很顺利
LJ001-0248|有着雄伟的气势|有着雄伟的气势
LJ001-0249|新的观念|新的观念
LJ001-0250|加快产业转型升级|加快产业转型升级
LJ001-0251|快跑！|快跑！
LJ001-0252|这里的天气真好|这里的天气真好
LJ001-0253|我再练习几次|我再练习几次
LJ001-0254|西陵街|西陵街
LJ001-0255|看了我都想要去刺青了|看了我都想要去刺青了
LJ001-0256|星期五的车祸事件|星期五的车祸事件
LJ001-0257|光华一路|光华一路
LJ001-0258|主要联外道路|主要联外道路
LJ001-0259|台湾县道|台湾县道
LJ001-0260|大安一交流道|大安一交流道
LJ001-0261|高雄市公车高南双城快线|高雄市公车高南双城快线
LJ001-0262|新北市特一号道路|新北市特一号道路
LJ001-0263|乌来吊桥|乌来吊桥
LJ001-0264|捷运新庄线|捷运新庄线
LJ001-0265|海安路|海安路
LJ001-0266|有没有收钱|有没有收钱
LJ001-0267|蒋渭水高速公路|蒋渭水高速公路
LJ001-0268|高铁云林交流道|高铁云林交流道
LJ001-0269|高雄市建工干线公车|高雄市建工干线公车
LJ001-0270|复兴二路|复兴二路
LJ001-0271|基隆海洋广场|基隆海洋广场
LJ001-0272|高美大桥|高美大桥
LJ001-0273|有时候也是一种方式|有时候也是一种方式
LJ001-0274|当时一张文宣海报|当时一张文宣海报
LJ001-0275|有关元素及原子的概念|有关元素及原子的概念
LJ001-0276|美港公路|美港公路
LJ001-0277|假设接下来|假设接下来
LJ001-0278|有办法在汇入的同时|有办法在汇入的同时
LJ001-0279|是这样没错|是这样没错
LJ001-0280|高雄市大顺路|高雄市大顺路
LJ001-0281|台湾的省道|台湾的省道
LJ001-0282|枕头毛巾|枕头毛巾
LJ001-0283|分享台湾发展的经验|分享台湾发展的经验
LJ001-0284|方知这一大群示众的都是牛鬼蛇神|方知这一大群示众的都是牛鬼蛇神
LJ001-0285|南京泉源街口东南侧|南京泉源街口东南侧
LJ001-0286|捷运文华高中站|捷运文华高中站
LJ001-0287|育贤段社会住宅|育贤段社会住宅
LJ001-0288|台大天文数学馆南侧|台大天文数学馆南侧
LJ001-0289|澄合段停九停车场|澄合段停九停车场
LJ001-0290|凤山区第二卫生所|凤山区第二卫生所
LJ001-0291|台大医院金山分院|台大医院金山分院
LJ001-0292|基隆长兴路口东侧|基隆长兴路口东侧
LJ001-0293|复兴南路二段二八〇号前|复兴南路二段二八〇号前
LJ001-0294|清水停八停车场|清水停八停车场
LJ001-0295|唱的蛮好的|唱的蛮好的
LJ001-0296|人生顺利的简单法则|人生顺利的简单法则
LJ001-0297|机率与统计|机率与统计
LJ001-0298|中山大学图资大楼|中山大学图资大楼
LJ001-0299|昨天电话聊天|昨天电话聊天
LJ001-0300|地图炮|地图炮
LJ001-0301|如果有兴趣的朋友|如果有兴趣的朋友
LJ001-0302|国民政府建国大纲|国民政府建国大纲
LJ001-0303|东关路|东关路
LJ001-0304|台北捷运新庄线|台北捷运新庄线
LJ001-0305|永春路|永春路
LJ001-0306|好像有点太赤裸了|好像有点太赤裸了
LJ001-0307|苗栗南横公路|苗栗南横公路
LJ001-0308|国民大会之开会地点|国民大会之开会地点
LJ001-0309|十全一路|十全一路
LJ001-0310|汐止系统交流道|汐止系统交流道
LJ001-0311|应该是会呦|应该是会呦
LJ001-0312|安朔隧道|安朔隧道
LJ001-0313|南深路出口匝道|南深路出口匝道
LJ001-0314|回龙至东门车站区间|回龙至东门车站区间
LJ001-0315|屏东县九如乡与长治乡交界|屏东县九如乡与长治乡交界
LJ001-0316|敦化南路|敦化南路
LJ001-0317|苗栗县头份市|苗栗县头份市
LJ001-0318|台北捷运南港线|台北捷运南港线
LJ001-0319|施主一生平安|施主一生平安
LJ001-0320|台中市双十路|台中市双十路
LJ001-0321|台南市中华西路|台南市中华西路
LJ001-0322|台北鸟店街|台北鸟店街
LJ001-0323|南云交流道|南云交流道
LJ001-0324|建议是看看有谁可以弄一下|建议是看看有谁可以弄一下
LJ001-0325|台湾高铁彰化高雄高架桥|台湾高铁彰化高雄高架桥
LJ001-0326|宜兰线|宜兰线
LJ001-0327|梓官路|梓官路
LJ001-0328|总共试了多久？|总共试了多久？
LJ001-0329|中央街|中央街
LJ001-0330|是唐凤比较会监控网路|是唐凤比较会监控网路
LJ001-0331|沙仑支线|沙仑支线
LJ001-0332|新北市静安路|新北市静安路
LJ001-0333|荣民南路|荣民南路
LJ001-0334|龙汶公路|龙汶公路
LJ001-0335|我来自香港|我来自香港
LJ001-0336|让宾客上传图片|让宾客上传图片
LJ001-0337|中正纪念堂至象山站区间|中正纪念堂至象山站区间
LJ001-0338|国民政府|国民政府
LJ001-0339|台北联络线|台北联络线
LJ001-0340|台北县环河快速道路|台北县环河快速道路
LJ001-0341|旧南回公路|旧南回公路
LJ001-0342|青山下线|青山下线
LJ001-0343|南左公路|南左公路
LJ001-0344|新北市三峡区|新北市三峡区
LJ001-0345|高雄市五福路|高雄市五福路
LJ001-0346|环东大道|环东大道
LJ001-0347|明野桥|明野桥
LJ001-0348|由三重客运营运的公车路线|由三重客运营运的公车路线
LJ001-0349|高雄捷运红线|高雄捷运红线
LJ001-0350|国道三号甲线的终点|国道三号甲线的终点
LJ001-0351|猫空空中缆车|猫空空中缆车
LJ001-0352|一种双子叶植物的横切面|一种双子叶植物的横切面
LJ001-0353|发起讨论执行|发起讨论执行
LJ001-0354|达尔文的主张说明了物种的进化|达尔文的主张说明了物种的进化
LJ001-0355|也都应该排斥改正|也都应该排斥改正
LJ001-0356|以等速率运动|以等速率运动
LJ001-0357|对于权力分配的原则|对于权力分配的原则
LJ001-0358|鼓励大家自己架|鼓励大家自己架
LJ001-0359|用电阻档|用电阻档
LJ001-0360|美国新英格兰地区的农业|美国新英格兰地区的农业
LJ001-0361|搜集资讯的过程|搜集资讯的过程
LJ001-0362|核反应时|核反应时
LJ001-0363|基督教会|基督教会
LJ001-0364|东南亚地区的农业活动|东南亚地区的农业活动
LJ001-0365|我会手动更新到清单中|我会手动更新到清单中
LJ001-0366|本文主旨为|本文主旨为
LJ001-0367|使核糖体更清楚|使核糖体更清楚
LJ001-0368|均重视军事与国防上的革新|均重视军事与国防上的革新
LJ001-0369|较同纬度的长江下游地区温暖|较同纬度的长江下游地区温暖
LJ001-0370|毕其功于一役|毕其功于一役
LJ001-0371|市场广大|市场广大
LJ001-0372|中华民国的身分证|中华民国的身分证
LJ001-0373|版权要小心|版权要小心
LJ001-0374|最适合于加速水分的蒸发|最适合于加速水分的蒸发
LJ001-0375|以减轻地下水的盐分|以减轻地下水的盐分
LJ001-0376|见血或医疗行为|见血或医疗行为
LJ001-0377|就是以战迫和，兼并台湾|就是以战迫和，兼并台湾
LJ001-0378|社会经济|社会经济
LJ001-0379|运作还不太了解|运作还不太了解
LJ001-0380|不致于倒灌进入瓶内|不致于倒灌进入瓶内
LJ001-0381|我看见同车的旅客|我看见同车的旅客
LJ001-0382|请问至少有一次|请问至少有一次
LJ001-0383|采行民主社会主义的国家|采行民主社会主义的国家
LJ001-0384|三棱镜对各色光的折射率不同|三棱镜对各色光的折射率不同
LJ001-0385|推倒这堵墙！|推倒这堵墙！
LJ001-0386|提高经营效率|提高经营效率
LJ001-0387|还有二十二人|还有二十二人
LJ001-0388|在讨论历史问题时|在讨论历史问题时
LJ001-0389|领导裁军运动|领导裁军运动
LJ001-0390|尽量用陶瓷的|尽量用陶瓷的
LJ001-0391|比较不会发生意外|比较不会发生意外
LJ001-0392|孔刘|孔刘
LJ001-0393|某种地形的立体透视图|某种地形的立体透视图
LJ001-0394|推不推荐狮子王|推不推荐狮子王
LJ001-0395|所采行的共和政体|所采行的共和政体
LJ001-0396|凯旋而归|凯旋而归
LJ001-0397|两个礼拜之前|两个礼拜之前
LJ001-0398|阶级斗争|阶级斗争
LJ001-0399|力求言简意赅|力求言简意赅
LJ001-0400|普京远离我|普京远离我
LJ001-0401|某月份的平均气压分布图|某月份的平均气压分布图
LJ001-0402|吃水深度不变|吃水深度不变
LJ001-0403|人民的义务与权利应该对等|人民的义务与权利应该对等
LJ001-0404|愈热温度愈高|愈热温度愈高
LJ001-0405|朝鲜半岛南北分裂|朝鲜半岛南北分裂
LJ001-0406|分属七国|分属七国
LJ001-0407|十四字真言|十四字真言
LJ001-0408|眼前就黑了|眼前就黑了
LJ001-0409|不会步上帝国主义侵略之路|不会步上帝国主义侵略之路
LJ001-0410|我一直在猜测自己是个什么东西|我一直在猜测自己是个什幺东西
LJ001-0411|芋头西米露，红烧狮子头|芋头西米露，红烧狮子头
LJ001-0412|以及|以及
LJ001-0413|不去米兰去宜兰|不去米兰去宜兰
LJ001-0414|路见不平，挖土填坑|路见不平，挖土填坑
LJ001-0415|本是同根生，香煎牛小排|本是同根生，香煎牛小排
LJ001-0416|少小离家老大回，强制隔离十四天|少小离家老大回，强制隔离十四天
LJ001-0417|这个是针对大家讨论之后|这个是针对大家讨论之后
LJ001-0418|借问酒家何处有，有心栽花花生汤|借问酒家何处有，有心栽花花生汤
LJ001-0419|中心会处理|中心会处理
LJ001-0420|由部落客宣导|由部落客宣导
LJ001-0421|在一百零六年八月份|在一百零六年八月份
LJ001-0422|具体规划及时程报告|具体规划及时程报告
LJ001-0423|与网路部落客互动|与网路部落客互动
LJ001-0424|我很丑比头，可是我很温柔|我很丑比头，可是我很温柔
LJ001-0425|霹雳卡霹雳拉拉|霹雳卡霹雳拉拉
LJ001-0426|每一个家庭|每一个家庭
LJ001-0427|透过每年检讨机制|透过每年检讨机制
LJ001-0428|就是因为资安考量|就是因为资安考量
LJ001-0429|今天的就职典礼|今天的就职典礼
LJ001-0430|鸠占雀巢柠檬茶|鸠占雀巢柠檬茶
LJ001-0431|有关于易用性的部分|有关于易用性的部分
LJ001-0432|芋头西米露，更上一层楼|芋头西米露，更上一层楼
LJ001-0433|可能就会认为我们讲得不够白话|可能就会认为我们讲得不够白话
LJ001-0434|这一次政府跟外界合作|这一次政府跟外界合作
LJ001-0435|山不在高，有仙则名。水不在深，有魔术灵|山不在高，有仙则名。水不在深，有魔术灵
LJ001-0436|天若有情天亦老，谁来陪我吃烧烤|天若有情天亦老，谁来陪我吃烧烤
LJ001-0437|也请跟我们一起|也请跟我们一起
LJ001-0438|麻雀虽小，你才衰小|麻雀虽小，你才衰小
LJ001-0439|沟通研议修正内容|沟通研议修正内容
LJ001-0440|并且清楚说明|并且清楚说明
LJ001-0441|菜英文补习班|菜英文补习班
LJ001-0442|简化报税查询码的部分|简化报税查询码的部分
LJ001-0443|他们都是专业人士|他们都是专业人士
LJ001-0444|南势角下车，北市郝龙斌|南势角下车，北市郝龙斌
LJ001-0445|邀请部落客参与两次作业|邀请部落客参与两次作业
LJ001-0446|东施效颦苹果汁|东施效颦苹果汁
LJ001-0447|使用者大概是一万上下而已|使用者大概是一万上下而已
LJ001-0448|举头望明月，低头赶作业|举头望明月，低头赶作业
LJ001-0449|一半的使用者|一半的使用者
LJ001-0450|韩国鱼肉百姓|韩国鱼肉百姓
LJ001-0451|学钢琴的孩子不会变坏，学坏的孩子会变钢琴|学钢琴的孩子不会变坏，学坏的孩子会变钢琴
LJ001-0452|孤帆远影碧山近|孤帆远影碧山近
LJ001-0453|参考大厂设计|参考大厂设计
LJ001-0454|白日依山尽，红烧狮子头，芋头西米露，姜丝大肠头|白日依山尽，红烧狮子头，芋头西米露，姜丝大肠头
LJ001-0455|登入画面|登入画面
LJ001-0456|例如营所税、遗产税、赠与税|例如营所税、遗产税、赠与税
LJ001-0457|第一代南方澳大桥|第一代南方澳大桥
LJ001-0458|台北捷运土城线|台北捷运土城线
LJ001-0459|台湾的交流道|台湾的交流道
LJ001-0460|重要联系桥梁|重要联系桥梁
LJ001-0461|之前好像是用这些关键字|之前好像是用这些关键字
LJ001-0462|完全可以来工寮|完全可以来工寮
LJ001-0463|消长已停止|消长已停止
LJ001-0464|南投县竹山镇|南投县竹山镇
LJ001-0465|力行路|力行路
LJ001-0466|松山线|松山线
LJ001-0467|星球的温度|星球的温度
LJ001-0468|大多数功能点开|大多数功能点开
LJ001-0469|大家都知道是粉料重组的吧|大家都知道是粉料重组的吧
LJ001-0470|公园路|公园路
LJ001-0471|碎得跟袋子里的洋芋片一样|碎得跟袋子里的洋芋片一样
LJ001-0472|员林光明街|员林光明街
LJ001-0473|不过一个政府不能永远在震惊|不过一个政府不能永远在震惊
LJ001-0474|溪洲交流道|溪洲交流道
LJ001-0475|跨越吼门水道|跨越吼门水道
LJ001-0476|历史的垃圾堆|历史的垃圾堆
LJ001-0477|外求独立|外求独立
LJ001-0478|李蒨蓉的阿帕契事件过去很久了|李蒨蓉的阿帕契事件过去很久了
LJ001-0479|五股一交流道|五股一交流道
LJ001-0480|深兴路|深兴路
LJ001-0481|为了中华民国不惜粉身碎骨|为了中华民国不惜粉身碎骨
LJ001-0482|台南市中华南路|台南市中华南路
LJ001-0483|发展学生思维能力|发展学生思维能力
LJ001-0484|这杯酒好醉喔|这杯酒好醉喔
LJ001-0485|和平二路|和平二路
LJ001-0486|台南市东宁路|台南市东宁路
LJ001-0487|植物表皮细胞的构造|植物表皮细胞的构造
LJ001-0488|鲤鱼潭拱桥|鲤鱼潭拱桥
LJ001-0489|一心二路|一心二路
LJ001-0490|伪君子|伪君子
LJ001-0491|十八标|十八标
LJ001-0492|其最大的特征为何？|其最大的特征为何？
LJ001-0493|现在有悠游卡戒指吗？|现在有悠游卡戒指吗？
LJ001-0494|三条横贯公路建设之一|三条横贯公路建设之一
LJ001-0495|福美吊桥|福美吊桥
LJ001-0496|一心路|一心路
LJ001-0497|用语音输入发言|用语音输入发言
LJ001-0498|大潭交流道|大潭交流道
LJ001-0499|只会遭到同学们的讨厌|只会遭到同学们的讨厌
LJ001-0500|竭力服务民众而不扰民|竭力服务民众而不扰民
LJ001-0501|结果第一名我不认识|结果第一名我不认识
LJ001-0502|施力点在中间|施力点在中间
LJ001-0503|再放在下面|再放在下面
LJ001-0504|设定一句英文自我介绍|设定一句英文自我介绍
LJ001-0505|会让人置身事外|会让人置身事外
LJ001-0506|是不是也可以拿来抄|是不是也可以拿来抄
LJ001-0507|请到登记处进行登记|请到登记处进行登记
LJ001-0508|若能参加相对论之旅|若能参加相对论之旅
LJ001-0509|依现行人民团体法规定|依现行人民团体法规定
LJ001-0510|维护民众权益|维护民众权益
LJ001-0511|再请各位表达意见|再请各位表达意见
LJ001-0512|除了托育、托幼以外|除了托育、托幼以外
LJ001-0513|来筹划各方面的作业|来筹划各方面的作业
LJ001-0514|原契约所定价格|原契约所定价格
LJ001-0515|星聚点的热炒自助吧还不错|星聚点的热炒自助吧还不错
LJ001-0516|凝聚力量让大家配合完成|凝聚力量让大家配合完成
LJ001-0517|违法处罚学生|违法处罚学生
LJ001-0518|总之这两篇|总之这两篇
LJ001-0519|涉及羞辱|涉及羞辱
LJ001-0520|议题如何提出？|议题如何提出？
LJ001-0521|较私地为低|较私地为低
LJ001-0522|从山坡上轻轻地爬下来了|从山坡上轻轻地爬下来了
LJ001-0523|不要被发现|不要被发现
LJ001-0524|新北市并非主要养鸟县市|新北市并非主要养鸟县市
LJ001-0525|午餐吃什么|午餐吃什幺
LJ001-0526|其实我们认为很专业的东西|其实我们认为很专业的东西
LJ001-0527|我们一起享用|我们一起享用
LJ001-0528|因为我也吃不下了|因为我也吃不下了
LJ001-0529|不确定的就等着缴钱|不确定的就等着缴钱
LJ001-0530|设计放在身边|设计放在身边
LJ001-0531|在不经意间|在不经意间
LJ001-0532|在沙漠之中的甘泉也被饮尽|在沙漠之中的甘泉也被饮尽
LJ001-0533|没有讨好的构图与内容|没有讨好的构图与内容
LJ001-0534|山路上开始下雪|山路上开始下雪
LJ001-0535|北部滨海公路所见|北部滨海公路所见
LJ001-0536|我想要回家|我想要回家
LJ001-0537|有着褐色打底的古典技巧|有着褐色打底的古典技巧
LJ001-0538|你是我们的传声筒|你是我们的传声筒
LJ001-0539|严重的灾情以及人命的伤亡|严重的灾情以及人命的伤亡
LJ001-0540|他的目标很明确|他的目标很明确
LJ001-0541|我对未来有信心|我对未来有信心
LJ001-0542|看了看时间|看了看时间
LJ001-0543|可以省一笔钱|可以省一笔钱
LJ001-0544|传统制造业的救星|传统制造业的救星
